Date,SupplierKey,CategoryKey,SpendUSD,Orders,OnTimeOrders,InFullOrders,ActualLeadDaysTotal,PlannedLeadDaysTotal,UnitsReceived,UnitsRejected,OTDStatus
2025-01-01,1,6,7326318,575,549,515,19455.89,20266.03,371177,5095,On time
2025-01-01,2,6,1504557,163,157,146,5587.58,5572.93,87960,1015,On time
2025-01-01,2,7,2170597,238,227,212,8080.14,8050.5,123064,1428,On time
2025-01-01,3,2,953384,97,97,85,3281.67,3493.98,27455,192,On time
2025-01-01,3,6,406546,39,39,35,1328.14,1407.21,12668,95,On time
2025-01-01,4,5,676168,56,54,50,1901.6,1933.2,18942,171,On time
2025-01-01,5,1,624444,56,53,49,1726.77,1977.39,42256,514,At risk
2025-01-01,6,2,290382,25,24,22,849.87,863.59,21351,194,On time
2025-01-01,7,4,249993,22,21,20,732.49,780.76,14685,186,On time
2025-01-01,8,8,193597,18,17,16,607.38,643.31,15205,96,At risk
2025-01-01,9,2,1739854,293,267,256,8553.03,9179.92,121355,1362,At risk
2025-01-01,9,7,1801010,310,282,273,9340.48,9844.38,124607,1510,At risk
2025-01-01,10,3,2383687,494,451,445,15406.0,16059.22,201966,2655,At risk
2025-01-01,11,4,590170,95,86,84,2676.41,3092.03,42232,290,At risk
2025-01-01,11,8,869556,140,129,123,3979.26,4523.55,62637,494,At risk
2025-01-01,12,2,936920,139,127,121,4541.33,4555.52,108042,1444,At risk
2025-01-01,13,4,688633,130,120,116,3880.85,4053.28,93109,919,At risk
2025-01-01,14,2,669611,160,146,141,5120.34,5831.89,86145,826,At risk
2025-01-01,14,6,1043022,247,225,219,8089.24,9027.93,125324,1016,At risk
2025-01-01,15,3,1135529,391,355,343,13959.17,13669.13,243306,2406,At risk
2025-01-01,16,1,447460,148,136,129,5222.75,5314.05,43582,625,At risk
2025-01-01,16,2,416554,133,122,116,4950.67,4785.48,36818,486,At risk
2025-01-01,17,2,1327646,454,388,398,18400.81,18310.08,166934,2073,Late
2025-01-01,18,3,920379,272,236,244,10991.55,11305.88,222715,1653,Late
2025-01-01,19,8,855514,321,275,291,12686.81,13117.75,221489,3549,Late
2025-01-01,20,2,824776,96,87,84,3480.54,3899.07,31313,226,At risk
2025-01-01,21,8,716878,102,92,90,3935.71,4026.0,76714,1287,At risk
2025-01-01,22,4,575682,307,264,268,13411.91,13342.82,189299,1144,Late
2025-01-01,23,5,406246,255,215,225,10973.46,11297.2,206140,2570,Late
2025-02-01,1,6,8088902,639,618,574,21168.03,22905.6,363179,4542,On time
2025-02-01,2,6,1657457,175,170,158,5864.78,5905.04,103151,1005,On time
2025-02-01,2,7,2424611,256,251,231,8520.81,8781.02,147721,1202,On time
2025-02-01,3,2,1009650,101,101,91,3452.37,3657.6,28075,159,On time
2025-02-01,3,6,446288,44,44,40,1488.81,1589.37,12191,77,On time
2025-02-01,4,5,794890,71,69,65,2401.87,2433.48,24206,168,On time
2025-02-01,5,1,707318,65,62,57,2071.81,2309.73,42243,356,On time
2025-02-01,6,2,327636,30,29,27,1008.84,1038.43,24241,179,On time
2025-02-01,7,4,259812,24,23,22,818.75,854.24,14503,195,On time
2025-02-01,8,8,213910,20,19,18,659.74,705.35,15320,97,On time
2025-02-01,9,2,1938626,320,295,283,9496.45,10207.23,141477,1710,At risk
2025-02-01,9,7,1912898,312,284,278,9423.67,9805.53,140339,1472,At risk
2025-02-01,10,3,2741098,546,503,485,16633.06,17442.23,233502,2714,At risk
2025-02-01,11,4,693558,106,97,93,3053.83,3429.31,44393,298,At risk
2025-02-01,11,8,1037232,151,138,132,4197.03,4898.25,64155,435,At risk
2025-02-01,12,2,1020657,164,153,143,5145.3,5357.71,144407,1350,At risk
2025-02-01,13,4,761593,149,138,135,4502.56,4616.04,104291,830,At risk
2025-02-01,14,2,767468,187,171,168,6220.19,6906.82,95190,705,At risk
2025-02-01,14,6,1105205,285,260,258,9354.05,10498.55,149230,987,At risk
2025-02-01,15,3,1202162,399,369,357,14045.78,13977.7,248122,2226,At risk
2025-02-01,16,1,458438,144,133,129,5137.41,5209.98,40473,507,At risk
2025-02-01,16,2,458594,148,134,133,5310.17,5305.8,46605,576,At risk
2025-02-01,17,2,1396907,444,388,400,17270.26,18007.07,174878,2228,Late
2025-02-01,18,3,1048736,320,278,287,12311.51,13535.82,264802,1751,Late
2025-02-01,19,8,914069,311,274,283,12294.66,12711.77,192354,2628,Late
2025-02-01,20,2,896811,114,103,103,4164.83,4626.64,39247,227,At risk
2025-02-01,21,8,789199,113,103,101,4504.74,4416.2,87752,1055,At risk
2025-02-01,22,4,605007,322,278,281,14383.24,13954.21,224302,1387,Late
2025-02-01,23,5,445605,294,250,260,12828.34,13134.03,242313,2488,Late
2025-03-01,1,6,7358440,631,609,581,21663.16,22521.46,398545,5944,On time
2025-03-01,2,6,1582253,166,158,149,5539.71,5589.65,97531,1348,On time
2025-03-01,2,7,2289393,251,244,226,8257.3,8588.69,138163,1719,On time
2025-03-01,3,2,1016576,104,104,95,3379.66,3717.39,31012,278,On time
2025-03-01,3,6,429746,44,44,39,1488.12,1571.7,13946,123,On time
2025-03-01,4,5,768542,69,66,63,2317.09,2387.97,27449,277,On time
2025-03-01,5,1,703421,62,60,56,1994.01,2174.6,41696,495,On time
2025-03-01,6,2,312947,27,26,24,901.91,931.62,22294,247,On time
2025-03-01,7,4,252158,22,21,20,753.16,781.08,13453,208,On time
2025-03-01,8,8,207930,18,17,16,592.26,644.8,15068,129,At risk
2025-03-01,9,2,1911137,302,280,270,9203.39,9496.3,137111,2201,At risk
2025-03-01,9,7,1762561,272,252,244,8054.37,8640.43,122105,1559,At risk
2025-03-01,10,3,2539603,537,498,491,17104.54,17310.03,228558,3639,At risk
2025-03-01,11,4,620524,95,86,84,2716.05,3074.65,45193,349,At risk
2025-03-01,11,8,1006382,146,133,131,4072.81,4774.06,62447,508,At risk
2025-03-01,12,2,998335,159,146,140,5158.68,5148.71,145020,2056,At risk
2025-03-01,13,4,699129,125,115,113,3725.15,3917.98,82245,951,At risk
2025-03-01,14,2,739865,195,177,173,6329.7,7155.68,96461,1049,At risk
2025-03-01,14,6,1030671,261,236,237,8547.55,9560.04,121857,1118,At risk
2025-03-01,15,3,1184660,443,402,391,16133.48,15539.15,292465,3969,At risk
2025-03-01,16,1,433345,132,121,117,4700.46,4759.99,42391,661,At risk
2025-03-01,16,2,442175,141,128,127,5267.89,5086.35,39280,539,At risk
2025-03-01,17,2,1471940,480,413,425,19552.35,19448.54,200883,3694,Late
2025-03-01,18,3,1047308,293,253,264,11369.2,12277.73,208706,2151,Late
2025-03-01,19,8,884429,311,268,283,12778.09,12686.57,214421,4118,Late
2025-03-01,20,2,878444,114,104,101,4213.15,4640.18,38276,284,At risk
2025-03-01,21,8,750563,97,88,88,3760.9,3835.75,69994,1095,At risk
2025-03-01,22,4,633510,325,277,287,14403.31,13991.12,223690,1812,Late
2025-03-01,23,5,433256,261,221,235,11602.24,11767.56,212000,3567,Late
2025-04-01,1,6,7466367,607,590,558,20206.93,21598.55,406463,4847,On time
2025-04-01,2,6,1531939,160,155,146,5503.76,5400.61,94048,742,On time
2025-04-01,2,7,2308429,260,251,240,8937.33,8861.82,135412,1225,On time
2025-04-01,3,2,957641,87,87,78,2856.28,3098.36,26433,149,On time
2025-04-01,3,6,434973,43,43,39,1474.13,1550.42,11872,68,On time
2025-04-01,4,5,724119,60,58,55,2025.72,2052.58,22576,158,On time
2025-04-01,5,1,663224,66,64,58,2107.46,2334.12,47275,451,On time
2025-04-01,6,2,316797,29,28,26,1001.16,1010.95,22149,172,On time
2025-04-01,7,4,272221,24,23,22,818.98,847.82,15493,198,On time
2025-04-01,8,8,197004,19,18,17,638.15,677.67,15256,89,At risk
2025-04-01,9,2,1857265,296,271,263,9003.89,9373.04,116148,1056,At risk
2025-04-01,9,7,1794049,275,250,248,8059.3,8648.97,126263,1235,At risk
2025-04-01,10,3,2643583,563,525,514,17694.06,18284.5,218591,2227,At risk
2025-04-01,11,4,674916,102,95,91,2915.39,3318.32,43556,244,At risk
2025-04-01,11,8,1021788,149,137,133,4242.54,4871.46,64238,379,At risk
2025-04-01,12,2,1004814,152,140,136,4849.58,4911.39,121904,1135,At risk
2025-04-01,13,4,742610,134,122,120,3983.09,4148.49,96099,688,At risk
2025-04-01,14,2,770490,202,184,180,6675.96,7460.11,108626,760,At risk
2025-04-01,14,6,1160034,311,288,281,10012.73,11314.08,151327,888,At risk
2025-04-01,15,3,1136154,372,338,333,13259.3,13189.59,247410,2218,At risk
2025-04-01,16,1,482955,141,129,127,5223.71,5135.44,40573,466,At risk
2025-04-01,16,2,455569,129,118,116,4754.34,4671.68,36525,423,At risk
2025-04-01,17,2,1477567,456,393,404,17671.84,18386.4,189906,2068,Late
2025-04-01,18,3,1007249,315,277,284,12643.44,13282.35,224167,1446,Late
2025-04-01,19,8,842942,286,248,261,11796.98,11725.67,177957,2221,Late
2025-04-01,20,2,903102,110,100,99,4092.18,4462.19,39710,208,At risk
2025-04-01,21,8,717055,100,90,91,3952.61,3929.36,75790,1025,At risk
2025-04-01,22,4,607149,335,285,302,15017.69,14626.48,227718,1201,Late
2025-04-01,23,5,417908,271,231,243,12148.61,12188.28,207079,2609,Late
2025-05-01,1,6,8012526,629,605,574,21130.91,22137.08,390728,6909,On time
2025-05-01,2,6,1676735,186,182,168,6352.2,6271.92,112452,1444,On time
2025-05-01,2,7,2541801,260,248,239,8631.15,8927.35,135355,1771,On time
2025-05-01,3,2,997434,96,96,87,3194.38,3412.6,28697,225,On time
2025-05-01,3,6,439223,43,43,39,1463.39,1537.11,14403,119,On time
2025-05-01,4,5,739681,69,66,63,2327.64,2378.63,27118,250,On time
2025-05-01,5,1,726445,66,63,59,2072.34,2313.56,51404,659,On time
2025-05-01,6,2,321195,27,26,24,934.79,933.3,22830,188,On time
2025-05-01,7,4,279393,26,25,24,865.1,922.12,16604,228,On time
2025-05-01,8,8,203144,19,18,17,620.73,669.03,14218,98,At risk
2025-05-01,9,2,1873920,296,270,266,8819.67,9430.99,119543,1582,At risk
2025-05-01,9,7,2006762,312,290,277,9330.53,9773.02,134713,1611,At risk
2025-05-01,10,3,2568400,529,484,474,16147.14,17114.33,219770,2703,At risk
2025-05-01,11,4,643939,94,87,82,2688.74,3051.75,46015,357,At risk
2025-05-01,11,8,972579,147,133,130,4167.63,4793.57,70754,469,At risk
2025-05-01,12,2,1004778,161,149,144,5167.39,5216.05,147005,1998,At risk
2025-05-01,13,4,768990,138,128,125,4193.25,4284.53,97644,852,At risk
2025-05-01,14,2,779029,200,181,177,6482.53,7289.61,105785,1016,At risk
2025-05-01,14,6,1189916,303,278,275,10200.22,11071.62,159279,1539,At risk
2025-05-01,15,3,1239804,433,394,388,15461.62,15309.17,313661,3976,At risk
2025-05-01,16,1,493262,159,145,140,5709.13,5772.65,46270,741,At risk
2025-05-01,16,2,456103,146,133,129,5266.75,5313.0,44483,571,At risk
2025-05-01,17,2,1521948,458,400,412,17905.71,18375.29,171575,2246,Late
2025-05-01,18,3,1080850,322,281,291,12709.29,13458.48,240802,1906,Late
2025-05-01,19,8,889821,300,257,277,12128.39,12253.59,209585,3582,Late
2025-05-01,20,2,851445,114,104,104,4256.18,4570.75,41788,263,At risk
2025-05-01,21,8,753680,93,86,84,3547.28,3632.4,67424,1125,At risk
2025-05-01,22,4,631619,356,308,317,15994.29,15614.07,229337,1660,Late
2025-05-01,23,5,425440,284,243,255,12500.2,12679.76,235369,3386,Late
2025-06-01,1,6,7846310,633,618,582,20678.3,22382.7,403738,4921,On time
2025-06-01,2,6,1594651,171,167,159,5833.99,5802.49,104013,910,On time
2025-06-01,2,7,2454659,271,262,250,8899.6,9312.27,149596,1284,On time
2025-06-01,3,2,1051497,97,97,89,3265.89,3456.7,30126,185,On time
2025-06-01,3,6,458712,42,42,39,1406.16,1513.52,12686,82,On time
2025-06-01,4,5,770850,63,61,57,2153.68,2174.84,22037,133,On time
2025-06-01,5,1,704582,67,65,59,2039.58,2352.05,49378,438,On time
2025-06-01,6,2,347616,30,29,27,1004.26,1038.51,22593,161,On time
2025-06-01,7,4,270001,23,22,21,785.51,819.14,15473,223,On time
2025-06-01,8,8,220509,21,21,19,704.93,740.06,15847,78,On time
2025-06-01,9,2,2041922,341,318,305,10148.53,10838.44,149740,1407,At risk
2025-06-01,9,7,1951430,324,302,292,9587.22,10321.8,146124,1610,At risk
2025-06-01,10,3,2682304,547,506,502,16659.2,17465.78,221060,2164,At risk
2025-06-01,11,4,703437,99,92,90,2837.2,3249.24,48509,302,At risk
2025-06-01,11,8,993242,148,136,132,4176.89,4783.21,71285,430,At risk
2025-06-01,12,2,1099073,173,158,154,5434.01,5675.48,147476,1691,At risk
2025-06-01,13,4,739212,139,130,127,4289.99,4375.4,94393,707,At risk
2025-06-01,14,2,738742,179,165,164,5763.01,6545.28,85831,558,At risk
2025-06-01,14,6,1154798,282,257,253,9233.57,10368.57,138090,867,At risk
2025-06-01,15,3,1240525,460,419,410,16682.14,16308.61,307569,3012,At risk
2025-06-01,16,1,496995,154,143,139,5584.11,5542.6,46842,573,At risk
2025-06-01,16,2,498550,155,142,139,5633.97,5628.73,51604,586,At risk
2025-06-01,17,2,1521292,473,419,429,18339.85,19207.41,202182,2421,Late
2025-06-01,18,3,1043870,325,285,295,12928.95,13648.5,253713,1557,Late
2025-06-01,19,8,881975,329,290,305,13212.28,13549.7,227580,3234,Late
2025-06-01,20,2,933605,116,107,105,4177.81,4714.02,38848,221,At risk
2025-06-01,21,8,774797,107,99,98,4042.35,4247.35,75386,857,At risk
2025-06-01,22,4,660592,349,298,311,14957.73,15231.51,212585,1220,Late
2025-06-01,23,5,459654,317,270,284,13775.0,14112.67,279323,3042,Late
2025-07-01,1,6,8126658,664,649,610,22781.04,23361.84,437949,6142,On time
2025-07-01,2,6,1727865,184,181,170,6321.63,6231.65,94548,990,On time
2025-07-01,2,7,2584537,260,253,243,8835.62,8870.47,156746,1638,On time
2025-07-01,3,2,1070834,109,109,99,3578.78,3889.05,32423,257,On time
2025-07-01,3,6,444777,40,40,37,1354.05,1433.96,12420,82,On time
2025-07-01,4,5,780425,68,65,63,2352.75,2345.7,25359,216,On time
2025-07-01,5,1,751685,67,65,61,2042.44,2365.44,51904,599,On time
2025-07-01,6,2,329302,28,27,25,974.29,976.15,21256,175,On time
2025-07-01,7,4,274222,24,23,22,788.18,852.01,13693,194,On time
2025-07-01,8,8,216023,19,19,18,622.69,671.16,15299,90,On time
2025-07-01,9,2,1863408,292,269,261,8914.67,9259.31,125385,1299,At risk
2025-07-01,9,7,1922967,329,304,300,9777.44,10409.03,140428,1656,At risk
2025-07-01,10,3,2832627,539,497,492,16725.46,17507.33,240584,3135,At risk
2025-07-01,11,4,713507,114,105,102,3316.43,3735.19,46949,359,At risk
2025-07-01,11,8,1023286,150,139,137,4199.42,4858.17,63718,413,At risk
2025-07-01,12,2,1116561,163,151,146,5269.0,5315.93,147454,1808,At risk
2025-07-01,13,4,791261,154,142,139,4792.59,4790.48,106351,799,At risk
2025-07-01,14,2,733624,173,161,157,5633.95,6371.68,84734,601,At risk
2025-07-01,14,6,1202048,326,301,300,10596.59,12054.91,149955,1217,At risk
2025-07-01,15,3,1253989,466,431,424,16318.87,16276.59,345559,3949,At risk
2025-07-01,16,1,496757,154,140,138,5560.1,5577.11,47753,646,At risk
2025-07-01,16,2,461491,144,134,131,5087.52,5178.76,42056,569,At risk
2025-07-01,17,2,1564583,519,450,470,21065.57,20788.94,189598,2890,Late
2025-07-01,18,3,1067479,327,288,302,12906.58,13789.18,281725,2427,Late
2025-07-01,19,8,926694,351,312,325,14049.63,14538.5,245985,3968,Late
2025-07-01,20,2,896228,110,102,100,4129.99,4482.35,40139,254,At risk
2025-07-01,21,8,789993,97,89,89,3722.18,3815.63,78200,1181,At risk
2025-07-01,22,4,622221,362,314,327,15490.98,15782.87,242941,1553,Late
2025-07-01,23,5,472719,323,278,296,14112.15,14388.4,254053,3069,Late
2025-08-01,1,6,7696870,681,664,627,22350.77,24347.14,436137,5531,On time
2025-08-01,2,6,1562407,158,153,147,5305.32,5340.98,88799,757,On time
2025-08-01,2,7,2400345,237,230,221,7869.93,7998.39,142404,1213,On time
2025-08-01,3,2,991777,95,95,87,3076.31,3420.37,31816,220,On time
2025-08-01,3,6,453742,44,44,41,1440.51,1574.45,13179,69,On time
2025-08-01,4,5,790973,64,63,60,2200.77,2195.76,22061,149,On time
2025-08-01,5,1,693128,65,64,59,1978.44,2304.37,41908,409,On time
2025-08-01,6,2,340965,29,28,27,947.08,1006.67,23122,145,On time
2025-08-01,7,4,270627,25,24,23,834.98,886.04,14143,146,On time
2025-08-01,8,8,215159,19,18,18,609.3,680.09,15823,86,At risk
2025-08-01,9,2,1915699,304,284,273,9175.56,9685.95,129944,1122,At risk
2025-08-01,9,7,1834858,306,284,279,9127.31,9594.28,121061,1259,At risk
2025-08-01,10,3,2580505,503,466,461,15390.19,16255.62,213727,1798,At risk
2025-08-01,11,4,653782,94,88,84,2653.04,3084.54,45999,303,At risk
2025-08-01,11,8,1008513,157,146,144,4378.42,5097.94,77435,414,At risk
2025-08-01,12,2,1042535,177,163,161,5762.22,5805.98,148757,1479,At risk
2025-08-01,13,4,794237,138,128,128,4132.36,4284.11,83575,571,At risk
2025-08-01,14,2,793269,188,172,171,5958.49,6940.54,99370,623,At risk
2025-08-01,14,6,1113741,263,242,238,8541.91,9611.07,138225,817,At risk
2025-08-01,15,3,1171893,376,344,339,12975.34,13320.95,235957,2319,At risk
2025-08-01,16,1,461374,146,134,134,5163.33,5261.59,47512,526,At risk
2025-08-01,16,2,457939,132,123,120,4828.7,4805.88,37133,448,At risk
2025-08-01,17,2,1519651,458,404,413,18171.88,18464.99,198994,2214,Late
2025-08-01,18,3,1018885,308,269,286,11584.96,12816.91,264782,1504,Late
2025-08-01,19,8,922610,315,275,291,12293.57,12863.95,185778,2007,Late
2025-08-01,20,2,882208,117,108,106,4317.9,4752.72,40149,195,At risk
2025-08-01,21,8,757788,107,97,98,4007.14,4209.91,80395,896,At risk
2025-08-01,22,4,650648,329,287,294,14244.18,14326.24,210252,1296,Late
2025-08-01,23,5,444841,307,270,278,13130.82,13833.48,261825,2630,Late
2025-09-01,1,6,7407106,577,566,535,18094.31,20689.19,344817,8033,On time
2025-09-01,2,6,1598756,161,160,150,5160.88,5447.89,85589,1343,On time
2025-09-01,2,7,2355874,228,224,216,7344.51,7747.45,121512,2219,On time
2025-09-01,3,2,981420,99,99,92,3090.22,3526.82,31903,346,On time
2025-09-01,3,6,448439,44,44,41,1328.72,1583.92,14563,166,On time
2025-09-01,4,5,767141,64,63,60,1974.31,2202.91,23211,291,On time
2025-09-01,5,1,699824,64,63,58,1833.13,2249.04,48669,738,On time
2025-09-01,6,2,316295,26,25,24,830.79,892.7,21904,287,On time
2025-09-01,7,4,264077,23,22,22,732.8,823.55,15038,362,On time
2025-09-01,8,8,215631,19,19,18,598.15,681.29,14159,133,On time
2025-09-01,9,2,1919884,326,305,300,9155.92,10207.18,135909,2289,At risk
2025-09-01,9,7,1867266,289,271,268,7926.5,9216.77,122645,2386,At risk
2025-09-01,10,3,2733144,550,520,516,15814.15,17672.97,206521,3975,At risk
2025-09-01,11,4,673273,94,88,86,2538.57,3080.63,46287,476,At risk
2025-09-01,11,8,1029019,163,153,148,4325.85,5338.66,71997,870,At risk
2025-09-01,12,2,1000170,170,160,157,5206.03,5534.66,157539,2697,At risk
2025-09-01,13,4,717688,125,119,116,3426.94,3936.14,90185,1159,On time
2025-09-01,14,2,713578,174,164,162,5232.42,6332.81,87090,994,At risk
2025-09-01,14,6,1098314,258,243,237,7645.33,9405.21,124850,1340,At risk
2025-09-01,15,3,1239822,403,372,368,13140.81,14107.9,287515,3997,At risk
2025-09-01,16,1,484491,140,129,127,4614.32,5024.64,43590,805,At risk
2025-09-01,16,2,454933,132,121,122,4437.01,4775.24,42344,831,At risk
2025-09-01,17,2,1413800,456,407,423,17249.22,18413.01,180615,4181,Late
2025-09-01,18,3,992945,276,248,256,10364.09,11627.18,206394,2283,Late
2025-09-01,19,8,855147,292,257,273,11014.12,11978.61,203366,4881,Late
2025-09-01,20,2,903174,106,98,98,3695.39,4275.02,34756,305,At risk
2025-09-01,21,8,756276,95,89,88,3394.41,3759.1,72638,1668,At risk
2025-09-01,22,4,644453,370,322,339,15036.67,15931.28,253629,2336,Late
2025-09-01,23,5,450959,274,239,250,11372.21,12164.08,221400,4595,Late
2025-10-01,1,6,8443669,710,683,647,23263.95,25050.0,484011,6772,On time
2025-10-01,2,6,1643727,178,173,166,5854.99,6080.19,102160,1011,On time
2025-10-01,2,7,2573847,265,259,243,8674.82,9079.37,160274,1513,On time
2025-10-01,3,2,1027261,106,106,96,3491.53,3803.9,35014,254,On time
2025-10-01,3,6,461719,42,42,38,1402.11,1519.26,13919,105,On time
2025-10-01,4,5,821934,75,73,70,2541.34,2577.11,26352,196,On time
2025-10-01,5,1,743516,67,64,59,2105.94,2359.23,44486,507,On time
2025-10-01,6,2,349961,33,32,30,1154.23,1131.2,29254,231,On time
2025-10-01,7,4,282909,25,24,23,859.65,893.26,15898,250,On time
2025-10-01,8,8,218165,20,19,19,652.02,707.54,16609,115,On time
2025-10-01,9,2,2056683,347,321,316,10215.61,10893.65,139038,1556,At risk
2025-10-01,9,7,1962199,298,279,271,9096.22,9384.39,117738,1321,At risk
2025-10-01,10,3,2712408,565,520,514,17918.94,18242.14,220436,2499,At risk
2025-10-01,11,4,701933,114,105,102,3228.19,3726.6,50861,397,At risk
2025-10-01,11,8,1049478,148,136,133,4153.49,4771.52,63739,419,At risk
2025-10-01,12,2,1086831,159,149,143,5025.8,5134.8,146003,1807,At risk
2025-10-01,13,4,821004,159,148,144,4725.43,5021.01,101408,919,At risk
2025-10-01,14,2,762023,208,193,191,6732.13,7591.83,112503,984,At risk
2025-10-01,14,6,1213580,286,264,260,9297.8,10435.07,143169,1179,At risk
2025-10-01,15,3,1189503,432,396,385,15506.44,15098.94,312825,3178,At risk
2025-10-01,16,1,510979,163,149,145,6068.23,5919.05,48847,585,At risk
2025-10-01,16,2,503787,151,138,135,5366.28,5489.15,47374,581,At risk
2025-10-01,17,2,1568749,472,412,422,18261.32,19232.17,186827,2517,Late
2025-10-01,18,3,1125692,342,296,315,13536.57,14340.16,270810,2134,Late
2025-10-01,19,8,940220,354,309,324,14365.01,14529.41,238917,3692,Late
2025-10-01,20,2,962605,128,118,118,4629.66,5214.4,46475,313,At risk
2025-10-01,21,8,783120,108,98,99,4095.87,4254.22,80456,1286,At risk
2025-10-01,22,4,665312,376,328,339,16952.4,16363.78,241234,1875,Late
2025-10-01,23,5,452882,295,252,268,13351.15,13153.83,263014,3974,Late
2025-11-01,1,6,8599610,702,690,640,23100.73,24775.77,466723,7092,On time
2025-11-01,2,6,1721557,167,164,153,5696.34,5687.72,87334,956,On time
2025-11-01,2,7,2634526,284,276,260,9566.57,9669.19,168065,1810,On time
2025-11-01,3,2,1084033,106,106,96,3490.8,3805.78,33475,254,On time
2025-11-01,3,6,476008,46,46,42,1516.26,1640.32,12964,96,On time
2025-11-01,4,5,797232,65,63,59,2259.09,2241.34,23499,178,On time
2025-11-01,5,1,751631,68,65,60,2086.7,2409.35,45095,455,On time
2025-11-01,6,2,354122,30,29,27,1050.15,1026.77,26180,269,On time
2025-11-01,7,4,281792,27,26,25,896.17,966.3,17464,244,On time
2025-11-01,8,8,221172,19,19,17,643.67,678.25,14715,110,On time
2025-11-01,9,2,2093004,324,299,290,10033.22,10263.65,128591,1665,At risk
2025-11-01,9,7,2118667,341,316,310,10056.46,10696.86,158076,1738,At risk
2025-11-01,10,3,2830386,573,526,525,18031.9,18358.82,224135,2846,At risk
2025-11-01,11,4,684077,111,104,100,3135.9,3638.53,53592,406,At risk
2025-11-01,11,8,1084623,175,161,156,4967.84,5689.21,72799,541,At risk
2025-11-01,12,2,1124708,180,166,161,5827.86,5850.53,155168,1989,At risk
2025-11-01,13,4,794783,135,125,124,4195.11,4253.78,89824,877,At risk
2025-11-01,14,2,836451,214,194,193,7130.41,7900.01,109811,927,At risk
2025-11-01,14,6,1178668,317,294,286,10178.02,11649.15,145352,1075,At risk
2025-11-01,15,3,1293244,484,448,441,17068.69,17058.67,344603,3266,At risk
2025-11-01,16,1,521185,168,153,150,5935.11,6001.15,53108,660,At risk
2025-11-01,16,2,519136,168,155,151,6281.42,6110.24,51199,772,At risk
2025-11-01,17,2,1577960,486,426,442,19742.43,19708.48,188141,2464,Late
2025-11-01,18,3,1109001,348,303,320,13902.42,14525.35,267526,2261,Late
2025-11-01,19,8,913414,323,281,299,12781.67,13191.05,225801,3680,Late
2025-11-01,20,2,956818,119,109,107,4329.86,4770.76,44935,259,At risk
2025-11-01,21,8,795121,104,95,94,4109.35,4132.05,69208,1120,At risk
2025-11-01,22,4,680854,371,321,332,16456.02,15976.93,252217,1581,Late
2025-11-01,23,5,478415,314,273,286,13609.42,13991.09,286115,4154,Late
2025-12-01,1,6,8531266,696,683,640,24020.78,24525.99,469695,6627,On time
2025-12-01,2,6,1761215,182,175,166,6119.74,6222.34,110688,1391,On time
2025-12-01,2,7,2774738,297,290,273,10203.54,10182.76,157502,1650,On time
2025-12-01,3,2,1182280,118,118,109,4029.19,4230.18,34790,292,On time
2025-12-01,3,6,487927,49,49,45,1640.52,1762.51,16344,121,On time
2025-12-01,4,5,845896,76,73,70,2553.55,2620.7,28065,254,On time
2025-12-01,5,1,753460,76,74,68,2322.33,2708.89,49000,503,On time
2025-12-01,6,2,385019,36,34,32,1205.33,1250.37,29413,285,At risk
2025-12-01,7,4,296164,27,26,25,908.67,949.43,15911,248,On time
2025-12-01,8,8,224604,21,20,20,696.4,742.9,18266,138,On time
2025-12-01,9,2,2198528,365,337,327,11303.16,11566.68,167191,1879,At risk
2025-12-01,9,7,2157598,324,303,295,9956.67,10199.9,131246,1841,At risk
2025-12-01,10,3,2975246,602,551,548,18559.14,19277.09,260891,3089,At risk
2025-12-01,11,4,741567,117,108,106,3440.31,3776.17,52276,418,At risk
2025-12-01,11,8,1118120,170,159,153,4943.68,5507.46,84539,575,At risk
2025-12-01,12,2,1119597,184,171,166,6057.27,6046.53,147075,1971,At risk
2025-12-01,13,4,820770,162,149,149,5007.28,5081.76,100825,810,At risk
2025-12-01,14,2,826189,226,207,205,7499.98,8332.19,109915,845,At risk
2025-12-01,14,6,1261613,345,318,311,11231.55,12753.15,162051,1349,At risk
2025-12-01,15,3,1381266,449,417,409,15848.56,15681.65,332213,3340,At risk
2025-12-01,16,1,502160,161,147,146,5719.59,5758.11,52402,610,At risk
2025-12-01,16,2,508995,167,154,151,6130.45,5971.49,54674,712,At risk
2025-12-01,17,2,1672472,544,472,486,20936.11,21790.05,230630,3691,Late
2025-12-01,18,3,1142597,341,301,312,13281.1,14426.64,262754,2235,Late
2025-12-01,19,8,1041469,362,313,337,14856.66,14790.82,248883,3842,Late
2025-12-01,20,2,966719,128,118,116,4765.67,5197.4,46240,278,At risk
2025-12-01,21,8,845174,107,98,96,4093.22,4216.53,79141,1024,At risk
2025-12-01,22,4,718475,413,355,368,18048.1,18035.07,276794,2168,Late
2025-12-01,23,5,482751,299,259,267,12928.99,13309.23,259806,3353,Late
2026-01-01,1,6,7489840,628,608,570,20847.99,22279.74,362539,5577,On time
2026-01-01,2,6,1540364,155,150,143,4934.92,5221.73,87188,914,On time
2026-01-01,2,7,2417209,265,256,241,8775.27,8953.67,157542,1413,On time
2026-01-01,3,2,943302,97,97,88,3035.9,3505.06,28727,189,On time
2026-01-01,3,6,405412,38,38,35,1257.89,1364.57,12427,78,On time
2026-01-01,4,5,731035,70,68,64,2306.23,2401.44,27004,216,On time
2026-01-01,5,1,672078,67,65,59,2035.59,2373.85,52745,489,On time
2026-01-01,6,2,328579,30,29,27,1006.71,1029.61,26058,236,On time
2026-01-01,7,4,247225,25,24,23,804.88,890.45,13997,208,On time
2026-01-01,8,8,194141,19,19,17,629.83,679.41,14568,87,On time
2026-01-01,9,2,1871439,292,268,265,8431.76,9270.77,113115,1125,At risk
2026-01-01,9,7,1857125,307,288,274,8742.7,9749.67,137910,1564,At risk
2026-01-01,10,3,2600599,541,504,488,15942.98,17426.95,236858,2872,At risk
2026-01-01,11,4,653837,102,96,91,2791.36,3333.0,48144,268,At risk
2026-01-01,11,8,984499,134,125,119,3602.09,4341.81,61266,346,At risk
2026-01-01,12,2,1039947,153,143,139,4774.81,4940.94,141660,1416,At risk
2026-01-01,13,4,735105,127,119,115,3720.67,3940.72,86070,593,At risk
2026-01-01,14,2,665068,176,164,160,5425.74,6395.42,81561,638,At risk
2026-01-01,14,6,1078246,254,233,228,7790.0,9370.71,117543,912,At risk
2026-01-01,15,3,1240483,405,375,366,14015.56,14371.97,267790,2708,At risk
2026-01-01,16,1,446936,132,122,118,4503.32,4729.89,42699,573,At risk
2026-01-01,16,2,427917,133,123,118,4600.73,4814.65,39178,501,At risk
2026-01-01,17,2,1392655,394,348,356,15362.28,15978.27,146677,1600,Late
2026-01-01,18,3,971867,262,233,240,9855.27,10945.48,218906,1644,Late
2026-01-01,19,8,816518,264,234,243,10560.41,10905.91,161907,2603,Late
2026-01-01,20,2,862467,102,94,93,3524.85,4137.21,32378,214,At risk
2026-01-01,21,8,715411,91,84,83,3358.39,3575.65,69259,990,At risk
2026-01-01,22,4,631680,287,249,255,12386.18,12442.87,187655,1250,Late
2026-01-01,23,5,438568,236,204,209,9843.39,10591.95,177955,2502,Late
2026-02-01,1,6,8215432,717,702,663,23207.52,25248.24,410015,4972,On time
2026-02-01,2,6,1880687,214,212,199,6781.15,7313.3,120776,1151,On time
2026-02-01,2,7,2755377,278,274,258,8983.84,9417.52,161350,1181,On time
2026-02-01,3,2,1135164,115,115,105,3716.07,4100.45,35903,228,On time
2026-02-01,3,6,501003,53,53,48,1711.59,1893.7,15223,87,On time
2026-02-01,4,5,843137,73,71,68,2343.25,2533.34,26977,165,On time
2026-02-01,5,1,785826,71,69,65,2152.51,2513.59,45907,416,On time
2026-02-01,6,2,363126,33,32,30,1056.9,1128.39,29571,212,On time
2026-02-01,7,4,289598,29,28,27,928.67,1033.05,16980,202,On time
2026-02-01,8,8,223986,23,22,21,760.46,816.74,19583,92,On time
2026-02-01,9,2,2171188,337,316,302,9780.14,10672.85,144422,1234,At risk
2026-02-01,9,7,2217196,367,347,332,10874.46,11612.71,163425,1582,At risk
2026-02-01,10,3,3160083,637,600,578,19280.17,20715.96,269814,2383,At risk
2026-02-01,11,4,781777,119,112,108,3346.86,3842.58,56329,323,At risk
2026-02-01,11,8,1106384,162,151,146,4577.84,5305.11,80525,444,At risk
2026-02-01,12,2,1138469,186,173,167,5575.17,6005.91,164141,1360,At risk
2026-02-01,13,4,858282,159,147,144,4551.91,5010.99,111231,847,At risk
2026-02-01,14,2,800555,212,199,194,6461.29,7734.34,97100,590,At risk
2026-02-01,14,6,1247116,287,269,262,9216.98,10496.98,129732,921,At risk
2026-02-01,15,3,1372555,505,466,452,17479.4,17625.32,338029,2779,At risk
2026-02-01,16,1,511162,147,138,134,5064.43,5331.82,40088,355,At risk
2026-02-01,16,2,512654,148,138,132,5031.73,5308.75,41890,489,At risk
2026-02-01,17,2,1713357,542,477,490,21261.74,21948.78,203222,2231,Late
2026-02-01,18,3,1229397,347,304,321,13231.42,14471.54,296669,2021,Late
2026-02-01,19,8,966843,329,290,301,12619.58,13521.3,196731,2444,Late
2026-02-01,20,2,1077223,128,119,116,4677.14,5168.69,48011,238,At risk
2026-02-01,21,8,877969,110,102,99,4045.45,4363.51,88004,1108,At risk
2026-02-01,22,4,709489,322,281,290,13340.3,13942.84,226691,1020,Late
2026-02-01,23,5,498079,279,245,252,12279.42,12424.99,226831,2129,Late
2026-03-01,1,6,8204765,708,689,650,22379.56,25194.33,451582,6234,On time
2026-03-01,2,6,1808307,184,178,168,6135.58,6195.8,111485,1137,On time
2026-03-01,2,7,2679674,281,274,261,9189.29,9486.81,164608,2013,On time
2026-03-01,3,2,1043024,106,106,97,3361.31,3822.36,31004,220,On time
2026-03-01,3,6,487297,49,49,44,1582.1,1742.71,14383,104,On time
2026-03-01,4,5,828539,78,75,73,2530.99,2682.94,28414,203,On time
2026-03-01,5,1,748504,69,68,62,2119.04,2441.45,50025,543,On time
2026-03-01,6,2,362174,32,31,29,1067.25,1109.61,28369,248,On time
2026-03-01,7,4,270604,27,26,25,863.42,964.16,17597,301,On time
2026-03-01,8,8,221657,23,22,21,726.54,809.82,19473,142,On time
2026-03-01,9,2,2012336,297,275,270,8469.84,9395.49,126794,1522,At risk
2026-03-01,9,7,2093712,342,318,310,9790.59,10787.29,156997,2191,At risk
2026-03-01,10,3,2829755,535,493,492,15831.6,17166.46,223000,2478,At risk
2026-03-01,11,4,721707,110,102,100,3095.24,3576.05,48360,371,At risk
2026-03-01,11,8,1040263,162,151,148,4411.56,5291.62,79086,654,At risk
2026-03-01,12,2,1139733,181,168,164,5708.08,5870.31,160004,1754,At risk
2026-03-01,13,4,797837,144,135,132,4108.79,4469.3,92603,974,At risk
2026-03-01,14,2,754899,187,172,171,6023.29,6810.16,92424,904,At risk
2026-03-01,14,6,1156100,300,280,273,9253.21,10926.43,163349,1246,At risk
2026-03-01,15,3,1278064,405,375,363,14057.22,14361.17,301695,3512,At risk
2026-03-01,16,1,516230,158,145,142,5468.02,5663.23,51736,757,At risk
2026-03-01,16,2,487039,136,124,124,4692.84,4897.31,40789,563,At risk
2026-03-01,17,2,1566238,490,437,448,18277.54,19834.11,192648,3031,Late
2026-03-01,18,3,1103383,311,274,286,11630.57,13073.86,221874,1623,Late
2026-03-01,19,8,957008,329,287,305,13060.51,13497.26,210234,3767,Late
2026-03-01,20,2,958951,119,110,108,4124.58,4811.85,41099,245,At risk
2026-03-01,21,8,790117,97,90,88,3560.56,3826.27,76565,1235,At risk
2026-03-01,22,4,688105,339,298,307,14543.4,14808.56,213916,1513,Late
2026-03-01,23,5,484109,253,220,232,10690.78,11250.8,207906,3135,Late
2026-04-01,1,6,8300180,661,643,617,21360.31,23475.52,443214,4311,On time
2026-04-01,2,6,1833609,201,198,187,6482.26,6862.18,105230,706,On time
2026-04-01,2,7,2708006,296,289,274,9768.41,10035.8,161338,1258,On time
2026-04-01,3,2,1139355,117,117,108,3804.73,4218.2,38906,230,On time
2026-04-01,3,6,457908,44,44,41,1455.65,1573.41,12620,62,On time
2026-04-01,4,5,822506,75,74,69,2465.06,2599.51,24869,138,On time
2026-04-01,5,1,765721,71,69,64,2210.43,2505.58,54255,441,On time
2026-04-01,6,2,345655,33,32,30,1068.49,1136.8,26418,151,On time
2026-04-01,7,4,296783,28,27,26,912.37,987.58,18561,217,On time
2026-04-01,8,8,221890,23,23,21,755.31,811.71,17250,76,On time
2026-04-01,9,2,2051025,323,305,296,9140.73,10175.12,134532,1122,At risk
2026-04-01,9,7,2092744,351,326,318,10236.88,11040.37,152908,1388,At risk
2026-04-01,10,3,3080585,563,531,511,17261.05,18017.89,225254,1718,At risk
2026-04-01,11,4,704509,104,97,94,2782.53,3415.79,49035,218,At risk
2026-04-01,11,8,1137525,162,151,147,4582.82,5263.03,76424,346,At risk
2026-04-01,12,2,1157981,171,160,155,5280.22,5526.03,139866,1084,At risk
2026-04-01,13,4,818832,139,130,128,4094.7,4354.61,91990,517,At risk
2026-04-01,14,2,784995,188,173,171,5928.42,6864.62,100999,645,At risk
2026-04-01,14,6,1220801,287,270,266,8837.85,10590.83,145975,848,At risk
2026-04-01,15,3,1424860,452,416,411,15760.91,16034.27,291313,2588,At risk
2026-04-01,16,1,514811,150,139,135,5341.24,5418.2,45960,476,At risk
2026-04-01,16,2,528638,169,155,152,5932.94,6040.63,48019,416,At risk
2026-04-01,17,2,1543924,457,402,419,17184.89,18434.63,199708,2030,Late
2026-04-01,18,3,1132239,334,298,309,12640.76,13893.1,276718,1719,Late
2026-04-01,19,8,937110,297,265,280,11918.28,12108.33,206035,2413,Late
2026-04-01,20,2,1051024,124,114,113,4406.83,5045.99,38816,207,At risk
2026-04-01,21,8,845742,116,108,107,4288.44,4590.2,89388,1070,At risk
2026-04-01,22,4,670929,333,291,305,13861.03,14376.93,197418,943,Late
2026-04-01,23,5,504986,297,261,269,12496.33,13370.22,269593,3052,Late
2026-05-01,1,6,8360349,751,734,690,23814.44,26657.2,431233,6431,On time
2026-05-01,2,6,1876665,220,216,204,6994.32,7479.15,121988,1429,On time
2026-05-01,2,7,2767676,311,303,289,10122.4,10604.07,171743,2018,On time
2026-05-01,3,2,1162160,123,123,111,4064.44,4414.29,39698,269,On time
2026-05-01,3,6,501441,49,49,45,1599.74,1769.97,15025,121,On time
2026-05-01,4,5,881550,80,79,73,2583.3,2749.61,28951,190,On time
2026-05-01,5,1,761996,69,67,62,2099.7,2462.76,44970,536,On time
2026-05-01,6,2,359303,36,35,32,1163.11,1237.68,29147,238,On time
2026-05-01,7,4,293053,26,25,24,864.96,914.98,15016,229,On time
2026-05-01,8,8,227613,20,19,18,628.26,717.1,16869,120,On time
2026-05-01,9,2,2233609,336,315,301,9855.7,10649.87,145377,1737,At risk
2026-05-01,9,7,2146250,321,302,290,9092.08,10055.16,143047,1640,At risk
2026-05-01,10,3,3030202,635,599,580,18960.56,20333.42,255745,3217,At risk
2026-05-01,11,4,738750,108,102,96,3023.79,3539.82,53868,377,At risk
2026-05-01,11,8,1064201,167,156,151,4642.35,5471.13,72128,513,At risk
2026-05-01,12,2,1111135,162,152,146,4933.12,5250.3,141073,1379,At risk
2026-05-01,13,4,901484,160,151,148,4740.43,5040.07,112943,965,At risk
2026-05-01,14,2,826010,206,191,188,6613.84,7555.34,104576,832,At risk
2026-05-01,14,6,1245577,329,306,298,10052.65,12090.13,162091,1161,At risk
2026-05-01,15,3,1368053,485,448,436,16849.45,17135.77,329996,3178,At risk
2026-05-01,16,1,539964,170,157,155,5803.89,6073.35,54988,705,At risk
2026-05-01,16,2,528148,158,145,142,5350.57,5740.55,49591,691,At risk
2026-05-01,17,2,1663278,465,412,420,18309.92,18634.87,166593,2285,Late
2026-05-01,18,3,1115123,316,282,293,12152.29,13325.27,233065,1841,Late
2026-05-01,19,8,955500,287,251,265,11274.47,11680.41,174973,2833,Late
2026-05-01,20,2,998352,116,108,107,4093.4,4685.67,38365,230,At risk
2026-05-01,21,8,828752,105,96,96,3981.19,4136.6,75884,1055,At risk
2026-05-01,22,4,688618,302,265,269,12555.68,13205.5,196717,1149,Late
2026-05-01,23,5,498570,277,241,250,11860.87,12388.9,239756,2707,Late
2026-06-01,1,6,8985494,738,724,689,24176.27,26161.24,429429,5471,On time
2026-06-01,2,6,1907307,204,202,189,6710.26,6898.23,122060,964,On time
2026-06-01,2,7,2824398,311,306,290,10022.77,10594.37,171145,1395,On time
2026-06-01,3,2,1200230,129,129,118,4112.37,4664.86,42332,259,On time
2026-06-01,3,6,506769,52,52,48,1658.61,1871.66,14808,88,On time
2026-06-01,4,5,846239,75,73,69,2467.35,2584.34,29135,162,On time
2026-06-01,5,1,816541,85,84,78,2519.49,2991.0,62788,536,On time
2026-06-01,6,2,376982,35,34,32,1152.92,1204.07,29729,219,On time
2026-06-01,7,4,303624,30,29,28,999.04,1067.72,19727,240,On time
2026-06-01,8,8,237313,23,23,22,735.83,822.82,20006,97,On time
2026-06-01,9,2,2305239,367,345,334,10736.42,11653.29,158218,1504,At risk
2026-06-01,9,7,2130913,320,304,294,9265.76,10070.86,147909,1317,On time
2026-06-01,10,3,3248345,614,581,561,18200.57,19670.5,231578,2046,At risk
2026-06-01,11,4,780012,107,99,99,2972.25,3508.16,53542,332,At risk
2026-06-01,11,8,1104201,153,144,141,4246.16,4980.28,63699,379,At risk
2026-06-01,12,2,1203497,195,185,178,6157.73,6314.28,180839,1635,At risk
2026-06-01,13,4,897648,152,145,141,4529.8,4781.12,109017,791,On time
2026-06-01,14,2,823150,218,204,201,6623.17,8072.31,114876,823,At risk
2026-06-01,14,6,1247015,302,279,276,9537.95,11077.71,149371,891,At risk
2026-06-01,15,3,1482600,496,458,449,17560.27,17552.57,337166,2970,At risk
2026-06-01,16,1,543710,160,150,146,5448.27,5815.17,50045,553,At risk
2026-06-01,16,2,515777,155,144,143,5316.47,5630.04,44751,389,At risk
2026-06-01,17,2,1677769,535,482,484,19892.35,21814.2,233017,2455,At risk
2026-06-01,18,3,1183297,317,279,295,11808.63,13200.75,253045,1610,Late
2026-06-01,19,8,1039429,352,310,331,14100.89,14394.29,247079,3240,Late
2026-06-01,20,2,1045994,130,122,119,4668.46,5256.62,40784,221,At risk
2026-06-01,21,8,885011,111,104,102,4264.92,4377.45,83741,1048,At risk
2026-06-01,22,4,694131,336,293,306,14021.5,14676.5,234549,1246,Late
2026-06-01,23,5,500286,284,247,258,12118.82,12747.49,232085,2681,Late
2026-07-01,1,6,8217221,740,724,700,23503.4,26488.48,470919,5335,On time
2026-07-01,2,6,1832976,212,210,200,7004.99,7192.1,125234,1268,On time
2026-07-01,2,7,2792929,303,299,282,9786.82,10256.8,183477,1511,On time
2026-07-01,3,2,1207647,119,119,112,3908.61,4295.67,34236,231,On time
2026-07-01,3,6,472154,49,49,45,1552.11,1759.02,14193,89,On time
2026-07-01,4,5,849498,77,76,73,2563.99,2672.5,25384,180,On time
2026-07-01,5,1,788925,77,75,70,2376.52,2704.44,56884,460,On time
2026-07-01,6,2,350563,33,32,30,1054.03,1149.18,25165,207,On time
2026-07-01,7,4,300578,29,28,27,950.98,1027.06,17947,201,On time
2026-07-01,8,8,225207,21,20,20,671.06,749.63,18258,104,On time
2026-07-01,9,2,2287135,376,357,346,10954.24,12009.72,151591,1495,At risk
2026-07-01,9,7,2217308,347,323,318,10073.27,11031.69,147384,1500,At risk
2026-07-01,10,3,2928173,608,574,561,17957.56,19683.94,227210,2550,At risk
2026-07-01,11,4,772357,110,105,100,3010.53,3554.39,46103,304,On time
2026-07-01,11,8,1066816,162,153,147,4423.87,5239.78,75876,427,At risk
2026-07-01,12,2,1124544,179,170,163,5428.79,5881.44,160250,1432,At risk
2026-07-01,13,4,849271,153,144,142,4483.62,4773.49,100523,811,At risk
2026-07-01,14,2,781751,208,197,194,6507.99,7655.15,114231,907,At risk
2026-07-01,14,6,1204827,311,288,285,9723.08,11335.94,158357,1325,At risk
2026-07-01,15,3,1433046,496,460,462,16814.65,17431.01,360971,2900,At risk
2026-07-01,16,1,514629,150,141,140,5313.07,5405.47,43607,553,At risk
2026-07-01,16,2,504323,161,150,149,5442.41,5762.56,48365,479,At risk
2026-07-01,17,2,1622016,517,459,474,19670.2,20813.11,199414,2451,Late
2026-07-01,18,3,1210651,328,294,307,12454.77,13758.59,281887,2206,Late
2026-07-01,19,8,1003668,337,305,315,13329.64,13745.37,211705,2426,At risk
2026-07-01,20,2,1002840,116,109,107,4146.52,4709.23,37654,212,At risk
2026-07-01,21,8,861470,111,104,102,4069.45,4378.64,82998,1223,At risk
2026-07-01,22,4,706676,329,293,305,13777.12,14267.65,228651,1221,Late
2026-07-01,23,5,479074,278,247,258,11649.3,12467.32,248170,3271,Late
2026-08-01,1,6,8108938,706,697,664,22656.65,25214.51,399625,4851,On time
2026-08-01,2,6,1812217,199,197,187,6274.98,6784.2,103741,789,On time
2026-08-01,2,7,2771707,297,292,280,9221.21,10194.43,158846,1237,On time
2026-08-01,3,2,1167064,111,111,105,3471.95,3963.76,35848,183,On time
2026-08-01,3,6,505176,48,48,45,1476.94,1725.64,15206,74,On time
2026-08-01,4,5,853588,83,82,79,2649.14,2826.23,27294,137,On time
2026-08-01,5,1,798823,75,74,68,2252.31,2669.56,52341,446,On time
2026-08-01,6,2,363224,33,32,30,1072.15,1133.76,25106,170,On time
2026-08-01,7,4,302649,29,28,28,902.98,1032.63,17033,192,On time
2026-08-01,8,8,229815,21,21,20,662.07,743.64,16981,71,On time
2026-08-01,9,2,2194013,351,333,321,10187.71,11115.1,141344,1119,At risk
2026-08-01,9,7,2157843,351,332,321,10296.49,11146.98,160419,1483,At risk
2026-08-01,10,3,3096981,591,552,555,17511.27,19111.99,225195,1952,At risk
2026-08-01,11,4,715199,106,101,99,2931.65,3451.35,46025,232,On time
2026-08-01,11,8,1056241,143,134,133,3846.94,4689.26,67495,324,At risk
2026-08-01,12,2,1144882,170,159,159,5282.14,5580.22,149548,1163,At risk
2026-08-01,13,4,871350,166,155,155,4664.21,5195.77,112506,774,At risk
2026-08-01,14,2,769465,183,171,172,5769.82,6747.71,92962,519,At risk
2026-08-01,14,6,1238572,312,294,290,9863.56,11390.81,164081,1138,At risk
2026-08-01,15,3,1359509,473,440,443,16058.14,16718.28,346440,2446,At risk
2026-08-01,16,1,530039,157,146,146,5394.5,5608.05,49208,497,At risk
2026-08-01,16,2,510186,150,139,139,5185.56,5363.16,49818,441,At risk
2026-08-01,17,2,1714408,472,420,441,17375.02,19209.43,174042,1800,Late
2026-08-01,18,3,1156559,315,281,299,11421.43,13252.04,235270,1220,Late
2026-08-01,19,8,952062,308,277,294,11526.73,12662.47,214389,2296,Late
2026-08-01,20,2,1012106,117,109,109,4032.49,4728.84,43112,200,At risk
2026-08-01,21,8,856704,122,113,115,4631.93,4805.79,83859,1022,At risk
2026-08-01,22,4,707523,343,304,318,14332.45,14757.91,242145,1052,Late
2026-08-01,23,5,482659,283,249,259,11813.91,12645.9,212404,1826,Late
2026-09-01,1,6,8317781,767,767,733,23678.92,27063.46,496310,10929,On time
2026-09-01,2,6,1922808,219,219,210,6690.11,7488.46,113833,1670,On time
2026-09-01,2,7,2668084,276,276,261,8401.19,9403.55,152064,2240,On time
2026-09-01,3,2,1098478,106,106,100,3268.87,3820.76,30951,291,On time
2026-09-01,3,6,466416,45,45,43,1316.71,1609.54,12846,144,On time
2026-09-01,4,5,843908,80,80,76,2424.26,2762.87,29940,291,On time
2026-09-01,5,1,761586,79,78,73,2178.73,2778.14,58318,772,On time
2026-09-01,6,2,350394,32,32,30,975.49,1103.74,24689,276,On time
2026-09-01,7,4,295886,30,29,28,886.63,1070.23,19975,363,On time
2026-09-01,8,8,218378,23,23,22,705.33,814.78,16716,156,On time
2026-09-01,9,2,2215480,323,306,300,8438.7,10222.93,139125,2343,At risk
2026-09-01,9,7,2145445,351,334,324,9540.69,11027.27,146006,2132,On time
2026-09-01,10,3,3125277,591,563,557,16583.68,18876.42,235721,3913,On time
2026-09-01,11,4,764096,115,110,107,2861.38,3781.57,48904,444,On time
2026-09-01,11,8,1107626,155,148,144,3927.89,5090.38,68287,573,On time
2026-09-01,12,2,1139812,175,169,163,4973.19,5727.3,163923,2707,On time
2026-09-01,13,4,870191,163,156,154,4487.92,5051.46,113176,1146,On time
2026-09-01,14,2,834270,193,181,182,5765.95,7124.71,92906,967,At risk
2026-09-01,14,6,1221583,287,271,267,8585.05,10541.21,134395,1530,At risk
2026-09-01,15,3,1440830,471,443,443,14696.94,16574.69,328962,4196,At risk
2026-09-01,16,1,538372,159,152,149,5181.34,5718.93,49655,922,On time
2026-09-01,16,2,529465,154,147,144,5031.27,5592.7,49951,818,On time
2026-09-01,17,2,1706355,507,464,475,18581.7,20463.08,194178,4009,At risk
2026-09-01,18,3,1197484,344,309,328,12005.88,14488.52,272743,3139,Late
2026-09-01,19,8,971862,326,298,313,11608.83,13307.05,192280,4402,At risk
2026-09-01,20,2,1091043,134,127,127,4364.6,5406.2,47262,352,At risk
2026-09-01,21,8,838824,105,98,99,3704.79,4155.59,79935,1467,At risk
2026-09-01,22,4,702849,339,299,319,13675.02,14677.35,219646,2221,Late
2026-09-01,23,5,513669,285,257,269,11638.5,12644.31,235253,4582,At risk
